{
    "todolist": [{
            "id": 1,
            "nome": "Responder e-mails",
            "finalizado": false,
            "iniciado": true
        },
        {
            "id": 2,
            "nome": "Reunião com fornecedor",
            "finalizado": true,
            "iniciado": false
        },
        {
            "id": 3,
            "nome": "Finalizar curso de Angular",
            "finalizado": false,
            "iniciado": false
        },
        {
            "id": 4,
            "nome": "Publicar feedback no LinkedIn",
            "finalizado": false,
            "iniciado": false
        },
        {
            "id": 5,
            "nome": "Levar cachorro no veterinário",
            "finalizado": false,
            "iniciado": true
        },
        {
            "id": 6,
            "nome": "Ligar para Mãe",
            "finalizado": false,
            "iniciado": true
        },
        {
            "id": 7,
            "nome": "Comprar Café",
            "finalizado": true,
            "iniciado": false
        },
        {
            "id": 8,
            "nome": "Visitar desenvolvedor.io",
            "finalizado": false,
            "iniciado": false
        }
    ]
}